{"entities":{"pages":{"Overview":{"id":"Overview","title":"Overview","url":"overview.html","level":0,"tabIndex":0},"计算机理论":{"id":"计算机理论","title":"计算机理论","url":"计算机理论.html","level":0,"pages":["算法理论","计算机程序的构造与解释"],"tabIndex":1},"算法理论":{"id":"算法理论","title":"算法理论","url":"算法理论.html","level":1,"parentId":"计算机理论","tabIndex":0},"计算机程序的构造与解释":{"id":"计算机程序的构造与解释","title":"计算机程序的构造与解释","url":"计算机程序的构造与解释.html","level":1,"parentId":"计算机理论","tabIndex":1},"软件开发":{"id":"软件开发","title":"软件开发","url":"软件开发.html","level":0,"pages":["系统软件","应用软件","设计模式"],"tabIndex":2},"系统软件":{"id":"系统软件","title":"系统软件","url":"系统软件.html","level":1,"parentId":"软件开发","pages":["操作系统","编译器，链接器"],"tabIndex":0},"操作系统":{"id":"操作系统","title":"操作系统","url":"操作系统.html","level":2,"parentId":"系统软件","pages":["实践-基于risc-v开发一个操作系统"],"tabIndex":0},"实践-基于risc-v开发一个操作系统":{"id":"实践-基于risc-v开发一个操作系统","title":"[实践]基于risc-v开发一个操作系统","url":"实践-基于risc-v开发一个操作系统.html","level":3,"parentId":"操作系统","tabIndex":0},"编译器，链接器":{"id":"编译器，链接器","title":"编译器，链接器","url":"编译器-链接器.html","level":2,"parentId":"系统软件","tabIndex":1},"应用软件":{"id":"应用软件","title":"应用软件","url":"应用软件.html","level":1,"parentId":"软件开发","tabIndex":1},"设计模式":{"id":"设计模式","title":"设计模式","url":"设计模式.html","level":1,"parentId":"软件开发","tabIndex":2},"计算机网络与安全":{"id":"计算机网络与安全","title":"计算机网络与安全","url":"计算机网络与安全.html","level":0,"tabIndex":3},"硬件系统":{"id":"硬件系统","title":"硬件系统","url":"硬件系统.html","level":0,"tabIndex":4},"数据科学与分析":{"id":"数据科学与分析","title":"数据科学与分析","url":"数据科学与分析.html","level":0,"tabIndex":5},"人工智能":{"id":"人工智能","title":"人工智能","url":"人工智能.html","level":0,"tabIndex":6},"语言":{"id":"语言","title":"语言","url":"语言.html","level":0,"pages":["汇编","RISC-V"],"tabIndex":7},"汇编":{"id":"汇编","title":"汇编","url":"汇编.html","level":1,"parentId":"语言","tabIndex":0},"RISC-V":{"id":"RISC-V","title":"RISC-V","url":"risc-v.html","level":1,"parentId":"语言","tabIndex":1}}},"topLevelIds":["Overview","计算机理论","软件开发","计算机网络与安全","硬件系统","数据科学与分析","人工智能","语言"]}